"","sp.pwsid","sp.name","dat.pwsid","dat.name"
"1","0110001","ALAMEDA COUNTY WATER DISTRICT","0110001","Alameda County Water District"
"2","0110003","CALIFORNIA WATER SERVICE - LIVERMORE","0110003","CA Water Service Co - Livermore"
"3","0110005","EAST BAY MUD","0110005","East Bay Municipal Utility District"
"4","0110006","CITY OF HAYWARD","0110006","Hayward, City of"
"5","0110008","CITY OF PLEASANTON","0110008","Pleasanton, City of"
"6","0110009","DUBLIN SAN RAMON SERVICES DISTRICT","0110009","Dublin San Ramon Service District"
"7","0110010","ZONE 7 WATER AGENCY","0110010","Alameda County Flood Control District- Zone 7"
"8","0110011","CITY OF LIVERMORE","0110011","Livermore, City of"
"9","0410002","CAL-WATER SERVICE CO.-CHICO","0410002","CA Water Service Co - Chico Hamilton City District"
"10","0410005","CAL-WATER SERVICE CO.-OROVILLE","0410005","CA Water Service Co - Oroville"
"11","0410006","SFWP-MINERS RANCH","0410006","South Feather Water & Power"
"12","0410007","PARADISE IRRIGATION DISTRICT","0410007","Paradise Irrigation District"
"13","0710001","CITY OF ANTIOCH","0710001","Antioch, City of"
"14","0710002","GOLDEN STATE WATER COMPANY - BAY POINT","0710002","Golden State Water Company - Bay Point"
"15","0710003","CONTRA COSTA WATER DISTRICT","0710003","Contra Costa Water District"
"16","0710004","CITY OF BRENTWOOD","0710004","Brentwood,City of"
"17","0710006","CITY OF MARTINEZ","0710006","Martinez, City of"
"18","0710007","DIABLO WATER DISTRICT","0710007","Diablo Water District"
"19","0710008","CITY OF PITTSBURG","0710008","Pittsburg, City of"
"20","0810001","CITY OF CRESCENT CITY","0810001","Crescent City, City of"
"21","0910001","EL DORADO ID - MAIN","0910001","El Dorado Irrigation District"
"22","0910002","SOUTH TAHOE PUD - MAIN","0910002","South Tahoe Public Utility District"
"23","0910013","GEORGETOWN DIVIDE PUD","0910013","Georgetown Divide Public Utility District"
"24","1010001","BAKMAN WATER COMPANY","1010001","Bakman Water Company"
"25","1010003","CLOVIS, CITY OF","1010003","Clovis, City of"
"26","1010007","FRESNO, CITY OF","1010007","Fresno, City of"
"27","1010018","KERMAN, CITY OF","1010018","Kerman, City of"
"28","1010021","MENDOTA, CITY OF","1010021","Park Water Company"
"29","1010024","CWS - SELMA","1010024","CA Water Service Co - Selma"
"30","1010027","REEDLEY, CITY OF","1010027","Reedley, City of"
"31","1110003","CAL-WATER SERVICE CO.-WILLOWS","1110003","CA Water Service Co - Willows"
"32","1210004","EUREKA, CITY OF","1210004","Eureka, City of"
"33","1210006","FORTUNA, CITY OF","1210006","Fortuna, City of"
"34","1210009","HUMBOLDT C.S.D.","1210009","Humboldt Community Services District"
"35","1210013","HUMBOLDT BAY MWD","1210013","Humboldt Bay Municipal WD"
"36","1210016","MCKINLEYVILLE C.S.D.","1210016","McKinleyville Community Services District"
"37","1210021","JACOBY CREEK CSD","1210021","Arcata, City of"
"38","1310001","BRAWLEY, CITY OF","1310001","Brawley, City of"
"39","1310002","CALEXICO, CITY OF","1310002","Calexico, City of"
"40","1310004","EL CENTRO, CITY OF","1310004","El Centro, City of"
"41","1310006","IMPERIAL, CITY OF","1310006","Imperial, City of"
"42","1500333","CWS - FREMONT VALLEY","1500333","CA Water Service Co - Antelope Valley"
"43","1510001","ARVIN COMMUNITY SERVICES DIST","1510001","Arvin Community Services District"
"44","1510003","CWS - BAKERSFIELD","1510003","CA Water Service Co - Bakersfield"
"45","1510005","DELANO, CITY OF","1510005","Delano, City of"
"46","1510006","EAST NILES CSD","1510006","East Niles Community Services District"
"47","1510012","LAMONT PUBLIC UTILITY DIST","1510012","Lamont Public Utility District"
"48","1510015","OILDALE MWC","1510015","Oildale Mutual Water Company"
"49","1510017","INDIAN WELLS VALLEY W.D.","1510017","Indian Wells Valley Water District"
"50","1510018","ROSAMOND CSD","1510018","Rosamond Community Services District"
"51","1510019","SHAFTER, CITY OF","1510019","Shafter, City of"
"52","1510020","TEHACHAPI, CITY OF","1510020","Tehachapi Regional Alliance"
"53","1510021","WASCO, CITY OF","1510021","Wasco, City of"
"54","1510022","WEST KERN WATER DISTRICT","1510022","West Kern Water District"
"55","1510025","STALLION SPRINGS CSD","1510025","Stallion Springs Community Services District"
"56","1510029","VAUGHN WC INC","1510029","Vaughn Water Company"
"57","1510031","BAKERSFIELD, CITY OF","1510031","Bakersfield, City of"
"58","1510041","NORTH OF THE RIVER MWD","1510041","North of The River Municipal Water District"
"59","1510045","GOLDEN HILLS CSD","1510045","Golden Hills Community Services District"
"60","1510049","CWS - LAKELAND","1510049","CA Water Service Co - Kern River Vly"
"61","1510053","ANTELOPE VALLEY E KERN WTR AGY F","1510053","Antelope Valley_East Kern Water Agency"
"62","1610003","HANFORD, CITY OF","1610003","Hanford, City of"
"63","1610005","LEMOORE, CITY OF","1610005","Lemoore, City of"
"64","1810001","CITY OF SUSANVILLE","1810001","Susanville, City of"
"65","1910001","CITY OF ALHAMBRA","1910001","Alhambra, City of"
"66","1910003","CITY OF ARCADIA","1910003","Arcadia, City of"
"67","1910004","GSWC - ARTESIA","1910004","Golden State Water Company - Artesia"
"68","1910007","AZUSA LIGHT AND WATER","1910007","Azusa, City of"
"69","1910009","VALLEY COUNTY WATER DIST.","1910009","Valley County Water District"
"70","1910011","GSWC - BELL, BELL GARDENS","1910011","Golden State Water Company - Bell-Bell Gardens"
"71","1910013","BELLFLOWER - SOMERSET MWC","1910013","Bellflower-Somerset Mutual Water Company"
"72","1910017","SANTA CLARITA WATER DIVISION F","1910017","Castaic Lake Water Agency Santa Clarita Water Division"
"73","1910019","CERRITOS - CITY, WATER DEPT.","1910019","Cerritos, City of"
"74","1910024","GSWC - CLAREMONT","1910024","Golden State Water Company - Claremont"
"75","1910026","COMPTON-CITY, WATER DEPT.","1910026","Compton, City of"
"76","1910027","LOS ANGELES CWWD 40 REG. 35 - N.E. L.A.","1910027","Los Angeles County Water District #40"
"77","1910028","CRESCENTA VALLEY CWD","1910028","Crescenta Valley Water District"
"78","1910030","GSWC - CULVER CITY","1910030","Golden State Water Company - Culver City"
"79","1910032","FOOTHILL MUNICIPAL WATER DIST.","1910032","Foothill Municipal Water District"
"80","1910033","CALIFORNIA WATER SERVICE CO. - DOMINGUEZ","1910033","CA Water Service Co - Dominguez District"
"81","1910034","DOWNEY - CITY, WATER DEPT.","1910034","Downey, City of"
"82","1910036","CALIFORNIA WATER SERVICE CO. - ELA F","1910036","CA Water Service Co - East Los Angeles District"
"83","1910038","EL MONTE-CITY, WATER DEPT.","1910038","El Monte, City of"
"84","1910041","THREE VALLEYS MWD","1910041","Three Valleys Municipal Water District"
"85","1910042","PICO RIVERA - CITY, WATER DEPT.","1910042","Pico Rivera, City of"
"86","1910043","GLENDALE-CITY, WATER DEPT.","1910043","Glendale, City of"
"87","1910044","GLENDORA-CITY, WATER DEPT.","1910044","Glendora, City of"
"88","1910047","HAWTHORNE-CITY WATER DEPT.","1910047","Hawthorne, City of"
"89","1910048","CASTAIC LAKE WATER AGENCY","1910048","Castaic Lake Water Agency"
"90","1910049","HUNTINGTON PARK-CITY, WATER DEPT.","1910049","Huntington Park, City of"
"91","1910051","INGLEWOOD- CITY, WATER DEPT.","1910051","Inglewood, City of"
"92","1910052","CAL/AM WATER COMPANY - BALDWIN HILLS","1910052","CA-American Water - Los Angeles"
"93","1910059","SUBURBAN WATER SYSTEMS-LA MIRADA","1910059","Suburban Water Systems Whittier-La Mirada"
"94","1910062","LA VERNE, CITY WD","1910062","La Verne, City of"
"95","1910063","LINCOLN AVENUE WATER CO.","1910063","Lincoln Avenue Water Company"
"96","1910065","LONG BEACH-CITY, WATER DEPT.","1910065","Long Beach Water Department"
"97","1910067","LOS ANGELES-CITY, DEPT. OF WATER & POWER","1910067","Los Angeles Department of Water and Power"
"98","1910073","LOMITA-CITY, WATER DEPT.","1910073","Lomita, City of"
"99","1910077","GSWC - FLORENCE/GRAHAM","1910077","Golden State Water Company - Florence-Graham"
"100","1910079","LYNWOOD-CITY, WATER DEPT.","1910079","Lynwood, City of"
"101","1910083","MANHATTAN BEACH-CITY, WATER DEPT.","1910083","Manhattan Beach, City of"
"102","1910087","METROPOLITAN WATER DIST. OF SO. CAL.","1910087","Metropolitan Water District of Southern California"
"103","1910090","MONROVIA-CITY, WATER DEPT.","1910090","Monrovia, City of"
"104","1910091","MONTEBELLO LAND & WATER CO.","1910091","Montebello Land and Water Company"
"105","1910096","NEWHALL CWD-NEWHALL","1910096","Newhall County Water District"
"106","1910098","GSWC - NORWALK","1910098","Golden State Water Company - Norwalk"
"107","1910101","ORCHARD DALE WATER DISTRICT","1910101","Orchard Dale Water District"
"108","1910102","PALMDALE WATER DIST.","1910102","Palmdale Water District"
"109","1910104","CALIFORNIA WATER SERVICE CO. - PALOS VER","1910104","CA Water Service Co - Palos Verdes"
"110","1910105","PARAMOUNT - CITY, WATER DEPT.","1910105","Paramount, City of"
"111","1910124","PASADENA-CITY, WATER DEPT.","1910124","Pasadena, City of"
"112","1910125","PICO WD","1910125","Pico Water District"
"113","1910126","POMONA - CITY, WATER DEPT.","1910126","Pomona, City of"
"114","1910130","QUARTZ HILL WATER DIST.","1910130","Quartz Hill Water District"
"115","1910134","CALIFORNIA WATER SERVICE CO. - HERM/REDO","1910134","CA Water Service Co - Hermosa Redondo District"
"116","1910140","RUBIO CANON LAND & WATER ASSOCIATION","1910140","Rubio Canyon Land & Water Assoc"
"117","1910142","GSWC-SAN DIMAS","1910142","Golden State Water Company - San Dimas"
"118","1910143","SAN FERNANDO-CITY, WATER DEPT.","1910143","San Fernando, City of"
"119","1910144","SAN GABRIEL COUNTY WD","1910144","San Gabriel County Water District"
"120","1910146","SANTA MONICA-CITY, WATER DIVISION","1910146","Santa Monica, City of"
"121","1910148","SIERRA MADRE-CITY, WATER DEPT.","1910148","Sierra Madre, City of"
"122","1910152","SOUTH GATE-CITY, WATER DEPT.","1910152","South Gate, City of"
"123","1910154","CITY OF SOUTH PASADENA","1910154","South Pasadena, City of"
"124","1910155","GSWC - SOUTHWEST","1910155","Golden State Water Company - Southwest"
"125","1910156","BEVERLY HILLS-CITY, WATER DEPT.","1910156","Beverly Hills, City of"
"126","1910157","SUNNY SLOPE WATER CO.","1910157","Sunny Slope Water Company"
"127","1910166","VALLEY WATER CO.","1910166","Valley Water Company"
"128","1910167","VERNON-CITY, WATER DEPT.","1910167","Vernon, City of"
"129","1910173","WHITTIER-CITY, WATER DEPT.","1910173","Whittier, City of"
"130","1910179","BURBANK-CITY, WATER DEPT.","1910179","Burbank, City of"
"131","1910189","SAN GABRIEL VALLEY WATER CO.-MONTEBELLO","1910189","San Gabriel Valley Municipal Water District"
"132","1910191","NORWALK - CITY, WATER DEPT.","1910191","Norwalk, City of"
"133","1910194","ROWLAND WATER DISTRICT","1910194","Rowland Water District"
"134","1910200","SUBURBAN WATER SYSTEMS-COVINA KNOLLS","1910200","Suburban Water Systems - San Jose Hills"
"135","1910204","LOS ANGELES CO WW DISTRICT 29 & 80-MALIB","1910204","Los Angeles County Water District #29"
"136","1910212","GSWC-SOUTH ARCADIA","1910212","Golden State Water Company - South Arcadia"
"137","1910213","TORRANCE-CITY, WATER DEPT.","1910213","Torrance, City of"
"138","1910223","GSWC-SOUTH SAN GABRIEL","1910223","Golden State Water Company - South San Gabriel"
"139","1910225","LAS VIRGENES MWD","1910225","Las Virgenes Water District"
"140","1910234","WALNUT VALLEY WATER DISTRICT","1910234","Walnut Valley Water District"
"141","1910239","LAKEWOOD - CITY, WATER DEPT.","1910239","Lakewood, City of"
"142","1910240","VALENCIA WATER CO.","1910240","Valencia Water Company"
"143","1910245","SANTA FE SPRINGS - CITY, WATER DEPT.","1910245","Santa Fe Springs, City of"
"144","1910253","CENTRAL BASIN MWD","1910253","Central Basin Municipal Water District"
"145","2010002","MADERA-CITY","2010002","Madera, City of"
"146","2110002","MARIN MUNICIPAL WATER DISTRICT","2110002","Marin Municipal Water District"
"147","2110003","NORTH MARIN WATER DISTRICT","2110003","North Marin Water District"
"148","2310003","UKIAH, CITY OF","2310003","Ukiah, City of"
"149","2410005","LOS BANOS-CITY","2410005","Los Banos, City of"
"150","2410009","MERCED, CITY OF","2410009","Merced, City of"
"151","2610001","MAMMOTH CWD","2610001","Mammoth Community Water District"
"152","2701202","CAL AM WATER COMPANY - CHUALAR","2701202","CA-American Water - Monterey District"
"153","2710009","CWSC KING CITY","2710009","CA Water Service Co - King City"
"154","2710010","CWSC SALINAS","2710010","CA Water Service Co - Salinas"
"155","2710011","SOLEDAD, CITY OF","2710011","Soledad, City of"
"156","2710017","MARINA COAST WATER DISTRICT","2710017","Marina Coast Water District"
"157","2810003","NAPA, CITY OF","2810003","Napa, City of"
"158","2810005","AMERICAN CANYON, CITY OF","2810005","American Canyon, City of"
"159","2910003","TRUCKEE-DONNER PUD, MAIN","2910003","Truckee-Donner Public Utilities District"
"160","3010001","CITY OF ANAHEIM","3010001","Anaheim, City of"
"161","3010002","CITY OF BREA","3010002","Brea, City of"
"162","3010003","CITY OF BUENA PARK","3010003","Buena Park, City of"
"163","3010004","MESA WATER DISTRICT","3010004","Mesa Consolidated Water District"
"164","3010010","CITY OF FULLERTON","3010010","Fullerton, City of"
"165","3010017","LAGUNA BEACH COUNTY WD","3010017","Laguna Beach County Water District"
"166","3010018","CITY OF LA HABRA","3010018","La Habra, City of"
"167","3010022","GOLDEN STATE WC - WEST ORANGE","3010022","Golden State Water Company - West Orange"
"168","3010023","CITY OF NEWPORT BEACH","3010023","Newport Beach, City of"
"169","3010027","CITY OF ORANGE","3010027","Orange, City of"
"170","3010030","CITY OF SAN JUAN CAPISTRANO","3010030","San Juan Capistrano, City of"
"171","3010035","GOLDEN STATE WC - PLACENTIA","3010035","Golden State Water Company - Placentia"
"172","3010036","CITY OF SAN CLEMENTE","3010036","San Clemente, City of"
"173","3010037","YORBA LINDA WATER DISTRICT","3010037","Yorba Linda Water District"
"174","3010038","CITY OF SANTA ANA","3010038","Santa Ana, City of"
"175","3010041","CITY OF SEAL BEACH","3010041","Seal Beach, City of"
"176","3010042","SOUTH COAST WD - SOUTH COAST","3010042","South Coast Water District"
"177","3010046","CITY OF TUSTIN","3010046","Tustin, City of"
"178","3010047","GOLDEN STATE WC - COWAN HEIGHTS","3010047","Golden State Water Company - Cowan Heights"
"179","3010053","CITY OF HUNTINGTON BEACH","3010053","Huntington Beach, City of"
"180","3010062","CITY OF GARDEN GROVE","3010062","Garden Grove, City of"
"181","3010064","CITY OF WESTMINSTER","3010064","Westminster, City of"
"182","3010068","EAST ORANGE COUNTY WD - RZ","3010068","East Orange County Water District"
"183","3010069","CITY OF FOUNTAIN VALLEY","3010069","Fountain Valley, City of"
"184","3010073","MOULTON NIGUEL WATER DISTRICT","3010073","Moulton Niguel Water District"
"185","3010079","EL TORO WATER DISTRICT","3010079","El Toro Water District"
"186","3010082","SERRANO WATER DISTRICT","3010082","Serrano Water District"
"187","3010092","IRVINE RANCH WATER DISTRICT","3010092","Irvine Ranch Water District"
"188","3010094","TRABUCO CANYON WATER DISTRICT","3010094","Trabuco Canyon Water District"
"189","3010100","CITY OF LA PALMA","3010100","La Palma, City of"
"190","3010101","SANTA MARGARITA WATER DISTRICT","3010101","Santa Margarita Water District"
"191","3110001","NORTH TAHOE PUD - MAIN","3110001","North Tahoe Public Utility District"
"192","3110004","CITY OF LINCOLN","3110004","Lincoln, City of"
"193","3110008","CITY OF ROSEVILLE","3110008","Roseville, City of"
"194","3110010","TAHOE CITY PUD - MAIN","3110010","Tahoe City Public Utility"
"195","3110124","PLACER CWA - MONTE VISTA","3110124","Placer County Water Agency"
"196","3310002","BEAUMONT CHERRY VALLEY WD","3310002","Beaumont-Cherry Valley Water District"
"197","3310003","BLYTHE - CITY OF","3310003","Blythe, City of"
"198","3310005","DESERT WATER AGENCY","3310005","Desert Water Agnecy"
"199","3310007","COACHELLA WATER AUTHORITY","3310007","Coachella, City of"
"200","3310008","MISSION SPRINGS WD","3310008","Mission Springs Water District"
"201","3310009","EASTERN MUNICIPAL WD","3310009","Eastern Municipal Water District"
"202","3310012","ELSINORE VALLEY MWD","3310012","Elsinore Valley Municipal Water District"
"203","3310016","HEMET, CITY OF","3310016","Hemet, City of"
"204","3310020","INDIO WATER AUTHORITY","3310020","Indio, City of"
"205","3310021","JURUPA COMMUNITY SD","3310021","Jurupa Community Services District"
"206","3310022","LAKE HEMET MWD","3310022","Lake Hemet Municipal Water District"
"207","3310031","RIVERSIDE, CITY OF","3310031","Riverside, City of"
"208","3310032","SAN JACINTO, CITY OF","3310032","San Jacinto, City of"
"209","3310037","CORONA, CITY OF","3310037","Corona, City of"
"210","3310038","RANCHO CALIFORNIA WATER DISTRICT","3310038","Rancho California Water District"
"211","3310044","RUBIDOUX COMMUNITY SD","3310044","Rubidoux Community Services District"
"212","3310049","WESTERN MWD","3310049","Western Municipal Water District of Riverside"
"213","3410001","SACRAMENTO SUBURBAN WATER DISTRICT","3410001","Sacramento Suburban Water District"
"214","3410002","SCWA - ARDEN PARK VISTA","3410002","Sacramento County Water Agency"
"215","3410004","CARMICHAEL WATER DISTRICT","3410004","Carmichael Water District"
"216","3410006","CITRUS HEIGHTS WATER DISTRICT","3410006","Citrus Heights Water District"
"217","3410008","ELK GROVE WATER SERVICE","3410008","Elk Grove Water District"
"218","3410009","FAIR OAKS WATER DISTRICT","3410009","Fair Oaks Water District"
"219","3410011","GALT, CITY OF","3410011","Galt, City of"
"220","3410012","CALAM - ISLETON","3410012","CA-American Water - Sacramento"
"221","3410014","FOLSOM, CITY OF - MAIN","3410014","Folsom, City of"
"222","3410015","GOLDEN STATE WATER CO. - CORDOVA","3410015","Golden State Water Company - Cordova"
"223","3410016","ORANGE VALE WATER COMPANY","3410016","Orange Vale Water Company"
"224","3410018","RIO LINDA/ELVERTA COMMUNITY WATER DIST","3410018","Rio Linda - Elverta Community Water District"
"225","3410020","CITY OF SACRAMENTO MAIN","3410020","Sacramento, City of"
"226","3410021","SAN JUAN WATER DISTRICT","3410021","San Juan Water District"
"227","3410023","FRUITRIDGE VISTA WATER COMPANY","3410023","Fruitridge Vista Water Co"
"228","3510001","HOLLISTER, CITY OF","3510001","Hollister Urban Area"
"229","3510003","SUNNYSLOPE COUNTY WATER DIST","3510003","Sunny Slope County Water District"
"230","3610001","CITY OF ADELANTO","3610001","Adelanto, City of"
"231","3610003","APPLE VALLEY RANCHOS WC","3610003","Apple Valley Ranchos Water Company"
"232","3610004","WEST VALLEY WATER DISTRICT","3610004","West Valley Water District"
"233","3610008","BIG BEAR CITY CSD","3610008","Big Bear Community Services District"
"234","3610012","CITY OF CHINO","3610012","Chino, City of"
"235","3610013","CITY OF LOMA LINDA","3610013","Loma Linda, City of"
"236","3610014","CITY OF COLTON","3610014","Colton, City of"
"237","3610015","CRESTLINE VILLAGE CWD - DIVISION 10","3610015","Crestline Village Water District"
"238","3610018","CUCAMONGA VALLEY WATER DISTRICT","3610018","Cucamonga Valley Water District"
"239","3610019","SAN BERNARDINO VALLEY WD","3610019","San Bernardino Valley Regional Urban Water Management Alliance"
"240","3610024","HESPERIA WD","3610024","Hesperia, City of Water District"
"241","3610025","JOSHUA BASIN WATER DISTRICT","3610025","Joshua Basin Water District"
"242","3610029","MONTE VISTA CWD","3610029","Monte Vista Water District"
"243","3610034","ONTARIO MUNICIPAL UTILITIES COMPANY","3610034","Ontario, City of"
"244","3610036","CITY OF CHINO HILLS","3610036","Chino Hills, City of"
"245","3610037","REDLANDS CITY MUD-WATER DIV","3610037","Redlands, City of"
"246","3610038","RIALTO-CITY","3610038","Rialto, City of"
"247","3610039","SAN BERNARDINO CITY","3610039","San Bernardino, City of"
"248","3610043","GOLDEN STATE WATER CO - BARSTOW","3610043","Golden State Water Company - Barstow"
"249","3610045","DWP - RIMFOREST","3610045","Big Bear Lake, City of"
"250","3610049","TWENTYNINE PALMS WATER DIST","3610049","Twentynine Palms Water District"
"251","3610050","CITY OF UPLAND","3610050","Upland, City of"
"252","3610052","VICTORVILLE WATER DISTRICT","3610052","Victorville Water District"
"253","3610055","YUCAIPA VALLEY WD","3610055","Yucaipa Valley Water District"
"254","3610057","RIVERSIDE HIGHLAND WATER CO","3610057","Riverside Highland Water Company"
"255","3610064","EAST VALLEY WATER DISTRICT","3610064","East Valley Water District"
"256","3610073","HI DESERT WD","3610073","Hi-Desert WD"
"257","3610120","PHELAN PINON HILLS CSD","3610120","Phelan Pinon Hills Community Services District"
"258","3610121","SBDNO COUNTY SERVICE AREA 64","3610121","San Bernardino County Service Area 64"
"259","3710001","CALIFORNIA-AMERICAN WATER CO","3710001","CA-American Water - San Diego"
"260","3710002","VALLECITOS WD","3710002","Vallecitos Water District"
"261","3710005","CARLSBAD MWD","3710005","Carlsbad Municipal Water District"
"262","3710006","ESCONDIDO, CITY OF","3710006","Escondido, City of"
"263","3710008","FALLBROOK PUD","3710008","Fallbrook PUD"
"264","3710010","HELIX WATER DISTRICT","3710010","Helix Water District"
"265","3710013","LAKESIDE WD","3710013","Lakeside Water District"
"266","3710014","OCEANSIDE, CITY OF","3710014","Oceanside, City of"
"267","3710015","POWAY - CITY OF","3710015","Poway, City of"
"268","3710016","RAINBOW MUNICIPAL WD","3710016","Rainbow Municipal Water District"
"269","3710019","RAMONA MUNICIPAL WD","3710019","Ramona Municipal Water District"
"270","3710020","SAN DIEGO - CITY OF","3710020","San Diego, City of"
"271","3710021","SAN DIEGUITO WD","3710021","San Dieguito Water District"
"272","3710023","SANTA FE I.D.","3710023","Santa Fe Irrigation District"
"273","3710025","SWEETWATER AUTHORITY","3710025","Sweetwater Authority"
"274","3710026","VALLEY CENTER MWD","3710026","Valley Center Municipal Water District"
"275","3710027","VISTA IRRIGATION DISTRICT","3710027","Vista Irrigation District"
"276","3710029","OLIVENHAIN MWD","3710029","Olivenhain, City of"
"277","3710034","OTAY WATER DISTRICT","3710034","Otay Water District"
"278","3710037","PADRE DAM MWD","3710037","Padre Dam Municipal Water District"
"279","3710042","SAN DIEGO COUNTY WATER AUTHORITY","3710042","San Diego County Water Authority"
"280","3710044","RINCON DEL DIABLO MWD (ID-A)","3710044","Rincon del Diablo Municipal Water District"
"281","3810011","SFPUC CITY DISTRIBUTION DIVISION","3810011","San Francisco Public Utilities Commission"
"282","3910001","CALIFORNIA WATER SERVICE - STOCKTON","3910001","CA Water Sercice Co - Stockton"
"283","3910004","LODI, CITY OF","3910004","Lodi, City of"
"284","3910006","STOCKTON EAST WATER DISTRICT","3910006","Stockton East Water District"
"285","3910011","TRACY, CITY OF","3910011","Tracy, City of"
"286","3910012","CITY OF STOCKTON","3910012","Stockton, City of"
"287","4010001","ARROYO GRANDE, WATER DEPARTMENT","4010001","Arroyo Grande, City of"
"288","4010004","GROVER BEACH WATER DEPARTMENT","4010004","Grover Beach, City of"
"289","4010007","PASO ROBLES WATER DEPARTMENT","4010007","Paso Robles, City of"
"290","4010008","PISMO BEACH WATER DEPARTMENT","4010008","Pismo Beach, City of"
"291","4010009","SAN LUIS OBISPO WATER DEPARTMENT","4010009","San Luis Obispo, City of"
"292","4010011","MORRO BAY WATER DEPARTMENT","4010011","Morro Bay, City of"
"293","4010014","CAMBRIA COMM SERVICES DIST","4010014","Cambria Community Services District"
"294","4010026","NIPOMO COMM SERVICES DIST","4010026","Nipomo Community Services District"
"295","4110001","MID-PENINSULA WATER DISTRICT","4110001","Mid-Peninsula Water District"
"296","4110003","CITY OF BURLINGAME","4110003","Burlingame, City of"
"297","4110006","CALIFORNIA WATER SERVICE - BEAR GULCH","4110006","CA Water Service Co - Bear Gulch"
"298","4110008","CALIFORNIA WATER SERVICE - SAN MATEO","4110008","CA Water Service Co - Mid Peninsula District"
"299","4110009","CALIFORNIA WATER SERVICE-S SAN FRANCISCO","4110009","CA Water Service Co - South San Francisco"
"300","4110011","COASTSIDE COUNTY WATER DISTRICT","4110011","Coastside Co Water District"
"301","4110013","CITY OF DALY CITY","4110013","Daly City, City of"
"302","4110016","HILLSBOROUGH WATER DEPT.","4110016","Hillsborough, Town of"
"303","4110017","CITY OF MENLO PARK","4110017","Menlo Park, City of"
"304","4110018","CITY OF MILLBRAE","4110018","Millbrae, City of"
"305","4110021","ESTERO MUNICIPAL IMPROVEMENT DISTRICT","4110021","Estero Municipal-Foster City"
"306","4110022","CITY OF REDWOOD CITY","4110022","Redwood City, City of"
"307","4110023","CITY OF SAN BRUNO","4110023","San Bruno, City of"
"308","4110024","CITY OF EAST PALO ALTO","4110024","East Palo Alto, City of"
"309","4110025","NORTH COAST COUNTY WATER DIST","4110025","North Coast County Water District"
"310","4110027","WESTBOROUGH COUNTY WATER DIST","4110027","Westborough Water District"
"311","4210001","CARPINTERIA VALLEY WATER DISTRICT","4210001","Carpenteria Valley Water District"
"312","4210004","GOLETA WATER DISRICT","4210004","Goleta Water District"
"313","4210006","LOMPOC-CITY WATER UTILITY DIV","4210006","Lompoc, City of"
"314","4210010","CITY OF SANTA BARBARA WATER DEPARTMENT","4210010","Santa Barbara, City of"
"315","4210011","SANTA MARIA WATER DEPARTMENT","4210011","Santa Maria, City of"
"316","4210016","GOLDEN STATE WATER COMPANY - ORCUTT","4210016","Golden State Water Company - Orcutt"
"317","4310001","CWSC LOS ALTOS SUBURBAN","4310001","Ca Water Service Co - Los Altos Suburban District"
"318","4310004","CITY OF GILROY","4310004","Gilroy, City of"
"319","4310005","CITY OF MILPITAS","4310005","Milpitas, City of"
"320","4310006","CITY OF MORGAN HILL","4310006","Morgan Hill, City of"
"321","4310007","CITY OF MOUNTAIN VIEW","4310007","Mountain View, City of"
"322","4310009","CITY OF PALO ALTO","4310009","Palo Alto, City of"
"323","4310011","SAN JOSE WATER COMPANY","4310011","San Jose Water Company"
"324","4310012","CITY OF SANTA CLARA","4310012","Santa Clara, City of"
"325","4310014","CITY OF SUNNYVALE","4310014","Sunnyvale, City of"
"326","4310020","CITY OF SAN JOSE - EVG/EDV/COY","4310020","San Jose, City of"
"327","4310022","GREAT OAKS WC, INC.","4310022","Great Oaks Water Company"
"328","4310027","SANTA CLARA VALLEY WATER DISTRICT","4310027","Santa Clara Valley Water District"
"329","4410010","SANTA CRUZ WATER DEPARTMENT","4410010","Santa Cruz, City of"
"330","4410011","WATSONVILLE, CITY OF","4410011","Watsonville, City of"
"331","4410013","SCOTTS VALLEY WATER DISTRICT","4410013","Scotts Valley Water District"
"332","4410017","SOQUEL CREEK WATER DISTRICT","4410017","Soquel Creek Water District"
"333","4510005","CITY OF REDDING","4510005","Redding, City of"
"334","4510006","CITY OF SHASTA LAKE","4510006","Shasta Lake, City of"
"335","4510014","BELLA VISTA WATER DISTRICT","4510014","Bella Vista Water District"
"336","4710011","CITY OF YREKA","4710011","Yreka, City of"
"337","4810001","CITY OF BENICIA","4810001","Benecia, City of"
"338","4810002","CALIFORNIA WATER SERVICE CO. - DIXON","4810002","CA Water Service Co - Dixon District"
"339","4810003","CITY OF FAIRFIELD","4810003","Fairfield, City of"
"340","4810004","CITY OF RIO VISTA","4810004","Rio Vista, City of"
"341","4810007","CITY OF VALLEJO","4810007","Vallejo, City of"
"342","4810008","CITY OF VACAVILLE","4810008","Vacaville, City of"
"343","4910004","SWEETWATER SPRINGS CWD - GUERNEVILLE","4910004","Sweetwater Springs Water District"
"344","4910006","PETALUMA, CITY OF","4910006","Petaluma, City of"
"345","4910009","SANTA ROSA, CITY OF","4910009","Santa Rosa, City of"
"346","4910012","SONOMA, CITY OF","4910012","Sonoma, City of"
"347","4910013","VALLEY OF THE MOON WATER DISTRICT","4910013","Valley of the Moon Water District"
"348","4910014","ROHNERT PARK, CITY OF","4910014","Rohnert Park, City of"
"349","4910017","WINDSOR, TOWN OF","4910017","Windsor, town of Water District"
"350","4910018","ARMSTRONG VALLEY-CAL WATER SERVICE (PUC)","4910018","CA Water Service Co - Redwood Valley"
"351","5010017","PATTERSON, CITY OF","5010017","Patterson, City of"
"352","5010018","RIVERBANK, CITY OF","5010018","Riverbank, City of"
"353","5010019","TURLOCK, CITY OF","5010019","Turlock, City of"
"354","5010028","CERES, CITY OF","5010028","Ceres, City of"
"355","5010033","CITY OF MODESTO, DE GRAYSON","5010033","Modesto, City of"
"356","5010038","MODESTO IRRIGATION DISTRICT","5010038","Modesto Irrigation District"
"357","5010040","SOUTH SAN JOAQUIN IRRIGATION DISTRICT","5010040","South San Joaquin Irrigation District"
"358","5110002","CITY OF YUBA CITY","5110002","Yuba City, City of"
"359","5210004","CITY OF RED BLUFF","5210004","Red Bluff, City of"
"360","5410002","DINUBA, CITY OF","5410002","Dinuba, City of"
"361","5410003","EXETER, CITY OF","5410003","Exeter, City of"
"362","5410010","PORTERVILLE, CITY OF","5410010","Porterville, City of"
"363","5410015","TULARE, CITY OF","5410015","Tulare, City of"
"364","5410041","CWS - TULCO WATER COMPANY","5410041","CA Water Service Co - Visalia"
"365","5510003","TUD - TUOLUMNE WATER SYSTEM","5510003","Tuolumne Utilities District"
"366","5510009","GROVELAND COMMUNITY SERV DIST","5510009","Groveland Community Services District"
"367","5610007","OXNARD WATER DEPT","5610007","Oxnard, City of"
"368","5610009","PORT HUENEME WATER DEPT","5610009","Port Hueneme, City of"
"369","5610011","SANTA PAULA WATER SYSTEM","5610011","Santa Paula, City of"
"370","5610014","GOLDEN STATE WATER COMPANY - OJAI","5610014","Golden State Water Company - Ojai"
"371","5610017","VENTURA WATER DEPARTMENT","5610017","San Buenaventura, City of"
"372","5610019","CAMARILLO WATER DEPT","5610019","Camarillo, City of"
"373","5610023","VENTURA WWD NO. 8 - SIMI VALLEY","5610023","Ventura County Waterworks District #8"
"374","5610024","CASITAS MUNICIPAL WATER DIST","5610024","Casitas Municipal Water District"
"375","5610040","CAL AMERICAN WATER CO","5610040","CA-American Water - Ventura"
"376","5610043","OAK PARK WATER SERVICE","5610043","Triunfo Sanitation District"
"377","5610046","UNITED WTR CONS DIST","5610046","United Water Conservation District"
"378","5610050","CALLEGUAS MUNICIPAL WATER DIST","5610050","Calleguas Municipal Water District"
"379","5610059","GOLDEN STATE WATER COMPANY - SIMI","5610059","Golden State Water Company - Simi Valley"
"380","5610063","CAMROSA WATER DISTRICT","5610063","Camrosa Water District"
"381","5610080","PORT HUENEME WATER AGENCY","5610080","Port Hueneme Water Agency"
"382","5710001","CITY OF DAVIS","5710001","Davis City of"
"383","5710003","CITY OF WEST SACRAMENTO","5710003","West Sacramento, City of"
"384","5710006","CITY OF WOODLAND","5710006","Woodland, City of"
"385","5810001","CAL-WATER SERVICE CO.-MARYSVILLE","5810001","CA Water Service Co - Marysville"
"386","5810002","LINDA COUNTY WATER DISTRICT","5810002","Linda County Water District"
"387","5810003","OLIVEHURST PUBLIC U.D.","5810003","Olivehurst Public Utilities District"
